SSL_SCORE,PREDICTOR_RAT_AGE_AT_LATEST_ARREST,PREDICTOR_RAT_VICTIM_SHOOTING_INCIDENTS,SEX_CODE_CD,PREDICTOR_RAT_VICTIM_BATTERY_OR_ASSAULT,PREDICTOR_RAT_ARRESTS_VIOLENT_OFFENSES,PREDICTOR_RAT_GANG_AFFILIATION,PREDICTOR_RAT_NARCOTIC_ARRESTS,PREDICTOR_RAT_TREND_IN_CRIMINAL_ACTIVITY,PREDICTOR_RAT_UUW_ARRESTS,SSL_SCORE_RANK
500,20-30,0,1,1,4,1,1,1.0,1,1
500,less than 20,1,1,2,2,1,7,0.2,1,1
500,20-30,4,1,3,0,1,0,-1.1,0,1
500,less than 20,0,1,1,3,1,2,0.1,1,1
500,less than 20,1,1,2,6,0,0,0.0,0,1
500,less than 20,1,1,1,4,1,1,-0.3,2,1
500,less than 20,1,1,2,6,1,0,-0.4,1,1
500,less than 20,1,1,1,8,1,0,-0.7,3,1
500,20-30,3,1,5,2,1,0,0.4,1,1
500,less than 20,1,1,2,4,0,2,-0.2,1,1
500,less than 20,1,1,1,5,0,0,0.1,0,1
500,20-30,0,0,5,1,0,1,0.7,1,1
500,less than 20,0,1,3,2,1,0,1.4,0,1
500,less than 20,1,1,1,5,1,1,0.3,1,1
500,less than 20,0,1,0,3,1,1,-0.4,2,1
500,less than 20,1,1,1,0,1,10,-2.4,0,1
500,20-30,4,1,4,1,1,1,-0.3,0,1
500,less than 20,2,1,2,1,1,5,-1.7,0,1
500,less than 20,2,1,2,3,1,1,0.1,1,1
500,less than 20,2,1,2,4,1,0,0.8,1,1
500,less than 20,1,1,0,1,1,19,3.6,0,1
500,less than 20,0,1,0,0,1,10,2.5,0,1
500,less than 20,0,1,0,1,1,19,1.5,0,1
500,less than 20,1,1,3,3,1,2,0.4,0,1
500,less than 20,0,1,0,5,1,1,0.8,1,1
500,20-30,1,1,0,3,1,8,0.2,3,1
500,less than 20,0,1,1,12,1,0,0.4,1,1
500,less than 20,1,1,2,0,0,0,0.3,0,1
500,less than 20,0,1,1,6,1,2,-0.8,3,1
500,20-30,0,1,0,3,1,9,1.6,0,1
500,less than 20,2,1,2,4,1,1,-0.3,2,1
500,20-30,3,1,3,1,1,2,-0.3,1,1
500,less than 20,0,1,0,8,1,0,-1.1,1,1
500,less than 20,1,1,1,3,1,4,0.7,0,1
500,less than 20,4,1,4,1,1,0,-1.0,0,1
500,20-30,2,1,3,2,1,2,0.0,1,1
500,less than 20,2,1,2,3,1,2,1.3,2,1
500,less than 20,2,1,2,4,1,1,-0.5,1,1
500,less than 20,2,1,3,2,1,1,-2.8,1,1
500,less than 20,2,1,2,0,1,19,2.5,0,1
500,less than 20,1,1,2,2,1,5,-0.1,0,1
500,less than 20,2,1,2,4,1,0,-0.4,0,1
500,less than 20,0,1,0,5,1,0,2.9,1,1
500,less than 20,0,1,0,4,1,2,-0.9,0,1
500,less than 20,2,1,2,3,1,3,-1.4,0,1
500,less than 20,1,1,2,3,1,3,-0.8,1,1
500,less than 20,0,1,0,9,1,0,-0.5,0,1
500,20-30,0,1,0,2,1,6,0.2,1,1
500,less than 20,0,1,1,2,1,8,1.5,0,1
500,less than 20,1,1,1,5,1,1,-4.1,1,1
500,less than 20,1,1,1,6,1,4,-3.4,1,1
500,20-30,1,1,1,0,1,18,3.3,0,1
500,less than 20,2,1,2,2,1,0,-0.1,2,1
500,less than 20,1,1,1,6,1,1,0.0,2,1
500,less than 20,1,1,3,2,1,5,1.6,0,1
500,less than 20,1,1,1,1,1,24,-1.1,0,1
500,less than 20,1,1,1,0,1,13,-3.9,0,1
500,less than 20,0,1,0,2,1,14,-2.9,0,1
500,less than 20,0,1,0,2,1,10,-1.0,2,1
500,less than 20,0,1,0,1,1,15,0.9,0,1
500,less than 20,1,1,1,1,1,19,6.5,0,1
500,less than 20,3,1,4,2,1,3,-1.1,1,1
500,less than 20,1,1,2,2,1,4,1.0,0,1
500,less than 20,1,1,2,1,1,12,1.4,0,1
500,less than 20,2,1,1,3,1,1,0.8,0,1
500,less than 20,2,1,2,2,1,6,1.0,0,1
500,less than 20,2,1,2,5,1,2,2.6,0,1
500,less than 20,1,1,0,5,1,2,1.7,2,1
500,less than 20,0,1,0,1,1,18,-4.5,0,1
500,less than 20,2,1,2,2,1,4,0.7,0,1
500,less than 20,0,1,0,2,1,13,-2.8,2,1
500,less than 20,1,1,2,3,1,5,1.5,0,1
500,less than 20,0,1,2,6,1,1,1.2,1,1
500,less than 20,0,1,0,3,1,9,1.4,2,1
500,less than 20,0,1,0,0,0,8,0.6,0,1
500,less than 20,1,1,1,3,1,0,0.0,3,1
500,20-30,2,1,2,0,1,2,-1.0,0,1
500,less than 20,0,1,0,4,1,3,0.7,0,1
500,less than 20,2,0,1,0,0,0,-1.0,0,1
500,less than 20,1,1,0,7,1,1,-1.2,0,1
500,less than 20,4,1,4,0,1,2,-1.5,0,1
500,less than 20,2,1,3,6,1,1,-0.3,1,1
500,less than 20,0,1,0,5,1,0,-1.1,3,1
500,less than 20,2,1,2,6,1,0,-1.1,1,1
500,less than 20,0,1,0,5,1,1,-1.1,2,1
500,less than 20,0,1,0,7,1,0,-1.1,0,1
500,less than 20,0,1,1,3,1,7,4.5,2,1
500,20-30,2,1,2,3,1,2,-1.0,1,1
500,less than 20,0,1,0,5,1,4,-1.2,2,1
500,less than 20,0,1,0,0,1,17,1.7,0,1
500,less than 20,2,1,2,1,1,8,-0.8,0,1
500,less than 20,1,1,1,0,1,24,3.9,0,1
500,less than 20,1,1,1,2,1,9,2.7,0,1
500,less than 20,2,1,2,1,1,1,0.9,1,1
500,20-30,0,1,0,4,1,0,2.2,3,1
500,less than 20,0,1,0,3,1,1,-1.4,2,1
500,20-30,2,1,2,3,1,0,-0.5,2,1
500,less than 20,1,1,2,4,1,0,0.9,0,1
500,20-30,0,1,9,1,1,0,1.0,0,1
500,less than 20,1,1,3,1,1,2,-0.7,0,1
500,less than 20,1,1,0,6,1,2,-0.5,3,1
500,20-30,1,0,9,1,1,0,0.7,0,1
500,less than 20,2,1,1,1,1,2,0.0,0,1
500,less than 20,0,1,0,8,1,3,1.2,3,1
500,20-30,0,1,7,0,1,1,0.5,0,1
500,less than 20,1,1,1,4,1,1,-1.9,1,1
500,less than 20,2,1,2,1,1,16,-0.7,0,1
500,20-30,0,1,7,1,0,0,0.7,0,1
500,less than 20,1,1,1,5,1,2,-0.5,2,1
500,less than 20,2,1,2,2,1,2,-1.3,1,1
500,less than 20,2,1,2,1,1,4,0.8,1,1
500,less than 20,1,1,5,2,1,0,-0.9,1,1
500,20-30,0,1,1,2,1,4,-1.3,2,1
500,less than 20,0,1,1,2,1,1,0.0,2,1
500,less than 20,1,1,2,4,1,0,2.5,0,1
500,less than 20,1,1,1,4,1,0,1.9,0,1
500,less than 20,0,1,0,3,1,0,2.6,0,1
500,less than 20,1,1,1,4,1,0,1.6,1,1
500,20-30,0,0,10,1,0,0,0.3,1,1
500,less than 20,0,1,0,6,1,2,-1.8,0,1
500,less than 20,0,1,0,5,0,0,1.3,3,1
500,less than 20,1,1,4,3,1,0,-0.2,1,1
500,less than 20,0,1,0,6,1,0,2.5,1,1
500,less than 20,0,1,0,7,1,1,-2.5,1,1
500,less than 20,1,1,3,5,1,0,-0.8,3,1
500,less than 20,0,0,5,1,0,0,0.8,0,1
500,less than 20,1,1,1,5,1,1,0.3,1,1
500,less than 20,2,1,2,1,1,0,-0.3,0,1
500,20-30,3,1,4,1,1,0,0.8,1,1
500,20-30,2,1,2,0,1,14,2.2,0,1
500,less than 20,2,1,2,1,1,9,1.2,0,1
500,less than 20,2,1,2,3,1,4,0.0,1,1
500,20-30,0,1,0,4,1,0,-1.6,2,1
500,less than 20,2,1,2,0,1,1,-0.1,0,1
500,less than 20,0,1,0,3,1,0,-2.4,2,1
500,less than 20,1,1,1,6,1,1,-1.4,1,1
500,less than 20,0,1,0,6,1,0,2.5,2,1
500,less than 20,1,1,1,1,0,4,-0.7,0,1
500,less than 20,0,1,0,7,1,3,-1.3,0,1
500,20-30,3,1,4,2,1,3,-0.7,1,1
500,less than 20,2,1,2,4,1,1,-2.9,3,1
500,less than 20,3,1,3,0,1,5,0.3,0,1
500,less than 20,0,1,2,3,1,0,2.7,1,1
500,less than 20,0,1,1,0,1,20,-4.0,0,1
500,less than 20,0,1,1,5,1,1,-0.2,2,1
500,20-30,3,1,2,0,1,1,-1.4,0,1
500,less than 20,0,1,0,6,1,2,-1.5,1,1
500,less than 20,0,1,0,6,1,0,-2.6,0,1
500,less than 20,1,1,0,0,1,13,-4.5,0,1
500,less than 20,2,1,3,3,1,0,-1.1,0,1
500,less than 20,1,1,1,3,1,5,1.8,1,1
500,less than 20,0,1,2,4,1,1,-0.2,1,1
500,less than 20,1,1,2,1,1,3,1.0,0,1
499,less than 20,1,1,4,1,1,2,-0.9,0,154
499,less than 20,2,1,3,4,1,0,-1.0,0,154
499,less than 20,0,0,0,0,0,0,1.4,0,154
499,less than 20,0,0,3,3,0,1,0.2,1,154
499,less than 20,1,1,1,5,1,1,-0.3,1,154
498,less than 20,1,1,1,2,1,7,2.9,0,159
498,less than 20,1,1,1,0,1,6,2.0,0,159
498,less than 20,1,1,2,0,0,2,1.1,0,159
498,less than 20,0,1,0,7,1,1,-0.9,0,159
498,less than 20,1,1,1,3,1,1,0.8,0,159
498,20-30,2,1,2,1,1,2,0.0,1,159
498,less than 20,0,1,1,2,1,0,1.0,1,159
498,less than 20,2,1,2,2,1,3,-1.8,0,159
498,less than 20,1,1,1,2,1,0,1.2,1,159
497,20-30,0,1,5,0,1,0,-0.1,0,168
497,less than 20,0,1,0,3,0,0,-0.2,0,168
497,less than 20,0,1,0,0,1,14,-3.6,0,168
497,less than 20,1,1,2,2,1,4,0.7,0,168
497,less than 20,0,1,0,7,0,3,0.7,1,168
497,less than 20,0,1,1,0,0,0,0.4,0,168
497,less than 20,0,1,1,6,1,1,2.1,2,168
497,less than 20,0,1,0,0,1,19,2.0,0,168
496,less than 20,1,1,1,3,1,1,0.9,1,176
496,less than 20,0,1,0,8,1,2,1.0,0,176
496,less than 20,0,1,1,0,0,0,-0.3,0,176
496,less than 20,0,1,0,0,1,15,6.7,0,176
496,less than 20,1,1,1,4,1,1,0.9,1,176
495,less than 20,2,1,2,1,1,3,-0.5,0,181
495,less than 20,0,1,0,7,1,1,-2.5,0,181
495,less than 20,1,1,1,5,1,0,-1.4,1,181
495,less than 20,0,1,0,3,1,8,3.9,1,181
495,less than 20,1,1,2,6,1,0,-0.5,0,181
495,less than 20,1,1,0,5,1,0,0.4,1,181
495,less than 20,2,1,2,0,1,3,-0.2,0,181
495,less than 20,1,1,1,5,1,0,0.3,0,181
495,less than 20,1,1,2,2,1,0,3.0,0,181
494,less than 20,0,1,0,2,1,11,-2.7,0,190
494,less than 20,1,1,1,1,1,10,2.9,0,190
494,less than 20,0,1,1,4,1,2,-0.6,2,190
494,less than 20,0,1,0,1,0,1,0.2,1,190
493,less than 20,2,1,2,2,1,4,0.5,1,194
493,less than 20,1,1,1,3,1,2,-2.7,1,194
493,less than 20,1,1,2,2,1,8,1.7,0,194
492,20-30,2,1,3,1,1,1,0.5,1,197
492,less than 20,1,1,2,1,1,1,0.4,0,197
492,less than 20,0,0,0,0,1,13,-0.3,0,197
492,less than 20,0,1,0,6,1,1,-0.6,3,197
491,less than 20,1,1,1,1,1,19,-2.6,1,201
491,less than 20,0,1,2,0,1,3,0.5,0,201
491,less than 20,2,1,2,2,1,0,0.1,0,201
490,less than 20,0,1,0,8,1,3,2.3,0,204
490,less than 20,1,1,2,1,1,6,-1.1,1,204
490,less than 20,0,1,0,6,1,0,-2.4,0,204
490,20-30,3,1,3,2,1,0,0.1,0,204
490,less than 20,1,1,1,4,1,0,2.8,1,204
490,less than 20,0,1,2,1,1,5,2.1,0,204
490,less than 20,2,1,2,2,1,0,-0.9,0,204
490,less than 20,0,1,1,5,1,0,-0.9,3,204
489,20-30,2,1,2,2,1,1,-0.8,2,212
489,less than 20,0,1,1,1,0,0,-0.1,0,212
489,less than 20,2,1,2,1,1,4,-0.6,1,212
489,less than 20,0,1,2,2,0,0,1.8,1,212
488,less than 20,1,1,1,0,1,6,0.6,0,216
488,less than 20,0,1,0,4,1,1,3.1,0,216
488,less than 20,1,0,1,0,0,0,-1.0,0,216
488,less than 20,2,1,2,0,1,6,-1.1,0,216
488,less than 20,2,1,2,2,1,0,-0.1,1,216
488,20-30,0,1,0,0,1,29,-3.4,0,216
487,less than 20,0,1,0,6,1,0,1.6,1,222
487,20-30,2,1,2,2,1,1,-1.2,0,222
487,less than 20,1,0,2,0,0,3,2.3,0,222
487,less than 20,1,1,1,5,1,0,0.0,0,222
487,less than 20,1,1,1,3,1,0,0.6,0,222
486,less than 20,0,1,0,1,1,21,-0.5,0,227
486,less than 20,2,1,2,2,1,0,-0.4,2,227
486,20-30,0,1,1,1,0,4,-0.2,1,227
486,less than 20,0,1,2,2,0,2,-0.3,0,227
486,20-30,2,1,2,2,1,2,0.0,0,227
486,less than 20,0,1,0,7,1,2,-3.1,2,227
486,less than 20,1,1,1,2,1,0,0.6,1,227
486,less than 20,0,1,0,4,1,6,0.1,1,227
486,less than 20,1,1,1,1,1,7,0.9,0,227
485,less than 20,0,1,0,7,1,1,2.7,0,236
485,less than 20,0,1,0,1,1,9,3.2,0,236
485,less than 20,0,1,0,6,1,0,1.5,1,236
485,less than 20,2,1,2,0,1,7,1.7,0,236
485,less than 20,1,1,1,3,1,8,2.2,1,236
485,less than 20,1,1,3,1,1,0,0.6,0,236
484,less than 20,0,1,0,3,1,5,-0.3,0,242
484,less than 20,0,1,0,4,1,0,1.4,1,242
484,less than 20,0,1,0,0,1,18,4.6,0,242
484,less than 20,1,1,2,2,1,0,1.4,1,242
484,less than 20,2,1,2,0,1,3,-0.1,0,242
483,less than 20,0,1,0,3,1,7,1.6,1,247
483,less than 20,2,1,3,1,1,2,-0.5,1,247
483,20-30,0,1,0,1,1,15,-3.8,1,247
483,less than 20,0,1,1,4,1,0,1.4,1,247
483,less than 20,2,1,2,2,1,5,0.5,0,247
483,less than 20,2,1,2,2,1,2,1.0,0,247
483,less than 20,1,1,1,4,1,0,-0.9,2,247
483,less than 20,0,1,2,3,1,2,0.8,0,247
483,20-30,3,1,2,1,1,1,0.0,0,247
483,less than 20,1,1,2,2,1,0,3.0,0,247
483,less than 20,0,1,0,3,1,1,-1.0,3,247
482,less than 20,0,1,0,7,1,1,0.2,0,258
482,less than 20,1,1,1,5,0,0,-0.1,1,258
482,less than 20,0,1,0,1,0,1,-0.1,1,258
482,20-30,2,1,2,0,1,14,-3.1,0,258
482,20-30,3,1,2,0,1,5,-2.8,0,258
482,20-30,2,1,2,1,1,2,-0.6,1,258
482,less than 20,1,1,1,0,1,0,0.6,0,258
482,less than 20,0,1,0,4,1,2,2.3,0,258
481,less than 20,1,0,3,3,0,0,0.2,0,266
481,20-30,1,1,3,1,1,7,-1.7,0,266
481,less than 20,1,1,1,0,0,1,0.7,0,266
481,20-30,2,1,2,3,1,0,0.7,2,266
481,less than 20,1,1,1,0,1,9,-0.2,0,266
481,less than 20,1,1,1,3,1,0,-1.4,2,266
481,20-30,1,1,3,0,1,4,1.9,0,266
481,less than 20,0,1,0,8,1,0,1.9,0,266
481,less than 20,2,1,2,0,1,1,1.2,0,266
481,less than 20,0,1,0,2,1,12,3.2,1,266
481,less than 20,1,1,1,2,1,0,1.8,1,266
480,less than 20,0,1,3,3,1,1,-2.2,1,277
480,less than 20,0,1,0,2,0,0,0.4,0,277
480,20-30,1,1,2,2,1,1,0.2,1,277
480,less than 20,2,1,2,3,1,1,-0.8,0,277
480,less than 20,0,1,1,1,0,0,-0.1,0,277
480,less than 20,1,1,1,4,1,1,-0.9,0,277
480,less than 20,1,1,3,2,1,2,0.7,0,277
480,less than 20,0,1,0,9,1,0,-1.5,2,277
480,less than 20,2,1,2,0,1,3,-0.6,0,277
479,less than 20,1,1,2,6,1,1,-1.5,1,286
479,less than 20,0,1,0,3,0,1,0.5,1,286
479,less than 20,1,1,1,4,1,1,-0.8,0,286
479,less than 20,0,1,3,2,1,1,0.1,1,286
479,20-30,2,1,3,2,1,2,-0.4,1,286
479,less than 20,0,1,1,3,1,0,-1.0,0,286
479,less than 20,1,1,1,4,1,0,2.2,0,286
479,less than 20,0,1,0,3,1,4,-0.3,0,286
479,less than 20,1,1,2,4,1,3,-1.3,2,286
479,less than 20,1,1,1,1,1,13,3.2,0,286
478,30-40,1,1,6,1,1,0,-0.6,1,296
478,less than 20,0,1,1,0,0,0,0.2,0,296
478,less than 20,1,1,1,5,1,0,0.2,0,296
478,less than 20,0,1,0,8,1,0,4.6,0,296
478,less than 20,1,1,1,4,0,0,-0.4,2,296
477,less than 20,0,1,0,5,1,0,-0.5,2,301
477,less than 20,1,1,1,1,1,0,2.0,1,301
477,less than 20,1,1,1,1,1,5,0.3,0,301
477,less than 20,0,1,0,4,1,1,1.0,1,301
477,less than 20,1,1,2,1,1,4,3.1,0,301
477,less than 20,1,0,1,5,0,0,1.3,0,301
477,less than 20,2,1,2,1,1,0,0.1,0,301
476,less than 20,1,1,1,3,1,3,-1.1,3,308
476,less than 20,0,1,0,5,1,1,1.9,0,308
476,less than 20,0,1,0,1,1,15,-3.1,0,308
476,20-30,0,0,3,0,0,3,0.5,0,308
476,less than 20,0,1,1,4,1,0,0.0,2,308
476,less than 20,2,1,1,1,1,2,-1.3,0,308
476,less than 20,1,1,2,2,1,0,0.5,1,308
476,less than 20,1,1,1,0,1,4,-2.7,0,308
476,less than 20,1,1,2,3,1,1,-0.3,1,308
476,less than 20,0,1,1,1,1,0,2.1,1,308
476,less than 20,1,1,1,0,1,8,2.0,0,308
475,less than 20,0,1,0,3,1,4,0.3,0,319
475,less than 20,0,1,0,7,1,0,0.7,1,319
475,less than 20,2,1,2,2,1,0,0.5,0,319
475,20-30,1,1,1,0,1,11,-0.4,0,319
475,less than 20,0,1,0,3,1,3,0.6,1,319
475,20-30,2,1,2,0,1,0,-0.4,0,319
475,less than 20,0,1,2,3,1,0,1.6,3,319
475,less than 20,1,1,1,3,1,5,0.5,0,319
475,less than 20,3,1,3,1,1,0,0.0,0,319
475,20-30,3,1,3,0,1,1,-0.3,0,319
475,less than 20,0,1,1,0,1,14,3.4,0,319
475,less than 20,0,1,1,2,1,1,0.3,1,319
475,less than 20,1,1,2,2,1,0,0.7,1,319
475,less than 20,0,1,1,3,1,0,0.8,1,319
475,less than 20,1,1,1,4,1,3,-0.4,1,319
474,20-30,2,1,2,3,1,0,0.3,2,334
474,less than 20,2,1,2,2,1,3,-0.7,0,334
474,less than 20,1,1,1,5,1,1,0.4,1,334
474,20-30,1,1,1,3,1,1,-1.2,3,334
474,20-30,0,1,2,3,1,2,-0.8,1,334
474,20-30,2,1,2,3,1,1,0.4,3,334
474,less than 20,0,1,0,3,1,1,-0.3,1,334
474,less than 20,2,1,2,2,1,2,0.2,0,334
474,20-30,1,1,1,0,1,10,0.0,0,334
473,less than 20,0,1,0,5,1,1,-1.6,1,343
473,less than 20,0,1,0,4,1,1,-2.1,1,343
473,20-30,2,1,2,1,1,0,-0.6,0,343
473,less than 20,1,1,2,3,1,1,1.8,0,343
473,20-30,0,0,2,0,0,0,0.0,0,343
473,less than 20,0,1,0,4,1,0,0.4,0,343
473,less than 20,0,1,0,2,0,0,-1.0,1,343
473,less than 20,1,1,1,4,1,0,1.1,0,343
473,less than 20,1,1,1,4,1,2,-0.2,2,343
473,less than 20,2,1,2,2,1,0,0.1,1,343
473,20-30,2,1,4,0,1,1,-0.6,0,343
473,less than 20,0,1,0,0,0,0,-0.3,0,343
473,less than 20,0,1,0,4,1,9,3.7,0,343
472,less than 20,1,1,1,0,0,0,0.8,0,356
472,less than 20,0,1,0,6,1,0,2.7,0,356
472,less than 20,1,1,0,5,1,2,0.6,1,356
472,20-30,0,1,1,1,1,3,1.5,1,356
472,less than 20,1,1,1,1,0,3,1.1,1,356
472,less than 20,2,1,1,0,0,1,0.4,0,356
472,less than 20,1,1,1,2,1,3,2.2,0,356
471,less than 20,0,1,0,2,0,0,-0.4,0,363
471,less than 20,1,1,2,0,1,0,-1.9,0,363
471,less than 20,1,1,1,1,1,6,1.2,1,363
471,20-30,0,0,5,0,0,0,0.0,0,363
471,30-40,0,1,0,0,1,22,-1.8,0,363
471,less than 20,0,1,0,7,1,1,0.9,2,363
471,20-30,1,1,2,4,1,0,-1.9,2,363
471,less than 20,0,1,0,5,1,1,3.0,2,363
470,less than 20,2,1,2,2,1,2,0.8,0,371
470,20-30,2,1,2,0,1,6,0.5,0,371
470,20-30,1,1,1,0,1,12,2.0,0,371
470,20-30,2,1,2,0,1,6,0.4,0,371
470,less than 20,1,1,1,2,1,13,-0.9,0,371
470,less than 20,0,1,1,4,0,0,3.3,0,371
470,less than 20,0,1,0,3,0,3,2.3,0,371
470,20-30,1,1,1,4,1,0,1.6,3,371
470,less than 20,0,1,0,7,0,4,0.4,2,371
470,less than 20,1,1,1,3,1,2,-1.4,0,371
469,less than 20,3,1,2,0,0,3,0.4,0,381
469,less than 20,0,1,0,7,1,0,-0.4,1,381
469,less than 20,0,1,0,4,1,1,2.0,1,381
469,less than 20,0,1,1,3,1,0,-1.4,0,381
469,less than 20,0,1,0,5,1,1,-0.5,0,381
469,20-30,2,1,2,4,1,0,-1.4,1,381
469,less than 20,0,1,0,3,1,10,-1.0,1,381
469,less than 20,0,1,0,5,1,8,-0.8,1,381
469,20-30,1,1,3,1,1,2,-0.2,0,381
469,less than 20,0,1,1,5,1,1,2.1,0,381
469,less than 20,1,1,1,3,1,0,-0.8,3,381
469,less than 20,0,0,1,2,0,1,0.3,0,381
469,20-30,2,1,2,2,1,0,0.1,2,381
469,less than 20,0,0,0,0,0,0,-0.3,0,381
469,less than 20,2,1,1,0,0,0,-0.2,0,381
469,less than 20,0,1,0,5,1,0,0.1,1,381
469,less than 20,1,1,1,2,1,2,-3.4,0,381
469,less than 20,0,1,0,4,1,1,-0.9,0,381
468,20-30,1,1,1,1,1,1,0.6,1,399
468,20-30,1,1,1,1,1,1,0.0,1,399
468,less than 20,0,1,0,2,1,0,-1.1,1,399
468,less than 20,0,1,1,4,1,0,1.3,3,399
468,less than 20,2,1,1,4,1,0,0.1,0,399
468,less than 20,1,1,3,2,1,0,-0.7,1,399
468,less than 20,0,1,1,3,1,2,4.5,1,399
468,less than 20,1,1,2,3,1,3,-1.1,1,399
468,less than 20,1,1,0,2,1,2,-0.3,1,399
468,less than 20,0,1,0,0,0,0,-0.1,0,399
468,20-30,1,1,2,2,1,2,0.4,1,399
467,less than 20,0,1,1,1,1,1,3.8,1,410
467,less than 20,1,1,1,2,1,5,0.7,2,410
467,less than 20,0,1,0,0,0,0,-0.7,0,410
467,less than 20,0,1,2,3,1,0,1.1,0,410
467,20-30,0,1,5,0,1,4,-0.2,0,410
467,20-30,2,1,1,3,1,0,0.7,2,410
467,less than 20,1,1,2,1,0,0,-0.4,0,410
467,less than 20,1,1,1,1,1,0,0.4,0,410
467,less than 20,1,1,1,1,1,2,0.3,0,410
467,less than 20,1,1,1,4,1,4,-0.2,2,410
467,less than 20,0,1,0,6,1,0,1.5,3,410
467,less than 20,0,1,1,1,0,0,0.6,1,410
467,less than 20,0,1,0,4,1,0,0.9,2,410
467,less than 20,1,1,1,4,1,1,-1.2,4,410
467,less than 20,1,1,1,2,1,3,0.3,0,410
467,less than 20,2,1,2,1,1,1,0.0,0,410
467,less than 20,1,1,1,2,1,9,1.3,0,410
467,20-30,2,1,1,0,1,1,-0.3,0,410
467,20-30,1,1,2,2,1,1,-0.5,0,410
466,less than 20,0,1,0,3,1,5,-0.6,1,429
466,less than 20,1,1,1,3,1,1,-4.2,1,429
466,less than 20,0,1,1,1,1,5,1.7,1,429
466,less than 20,2,1,2,3,1,1,-0.8,0,429
466,less than 20,2,1,1,3,1,0,-0.1,1,429
466,less than 20,1,1,3,2,1,0,-2.0,0,429
466,less than 20,2,1,1,2,1,2,0.1,1,429
466,less than 20,1,1,1,1,1,2,2.1,0,429
466,less than 20,0,1,0,5,1,0,0.4,2,429
466,less than 20,0,1,1,2,1,1,0.2,2,429
466,20-30,1,1,2,1,1,13,-1.2,0,429
466,less than 20,0,1,0,5,1,0,-1.5,1,429
466,less than 20,1,1,3,1,1,0,-0.4,1,429
466,less than 20,1,1,1,7,1,0,-2.9,0,429
466,less than 20,2,1,2,1,1,4,0.2,0,429
466,less than 20,0,1,0,0,1,18,5.4,0,429
466,less than 20,2,1,2,1,1,0,0.9,0,429
465,less than 20,0,1,0,3,1,10,-0.2,0,446
465,less than 20,0,1,0,0,0,0,-0.9,0,446
465,less than 20,1,1,2,3,1,1,0.0,1,446
465,less than 20,1,1,1,1,1,7,1.0,0,446
465,20-30,1,1,0,9,1,0,-0.5,2,446
465,less than 20,2,1,2,2,1,1,-0.5,0,446
465,less than 20,0,1,0,4,1,1,1.7,1,446
465,less than 20,1,1,1,3,1,3,1.1,2,446
465,less than 20,0,1,0,3,1,1,1.8,2,446
465,less than 20,2,1,2,2,1,3,-1.6,0,446
465,less than 20,2,1,1,1,1,1,-0.1,1,446
465,less than 20,0,1,1,1,1,5,0.0,1,446
464,less than 20,1,1,2,0,0,8,-0.3,0,458
464,less than 20,1,1,1,1,1,4,1.9,0,458
464,less than 20,1,1,1,0,1,4,0.3,0,458
464,less than 20,0,0,0,0,0,0,-0.3,0,458
464,less than 20,0,1,1,3,1,0,0.8,0,458
464,less than 20,1,1,1,2,1,1,1.4,1,458
464,less than 20,0,1,0,2,1,3,1.6,0,458
464,less than 20,0,1,0,4,1,3,-0.7,0,458
464,less than 20,1,1,1,3,1,2,-0.3,1,458
464,less than 20,0,1,1,1,1,7,1.6,1,458
464,less than 20,0,1,0,5,0,2,1.9,1,458
464,less than 20,0,1,0,5,1,1,-1.2,2,458
464,less than 20,1,1,0,0,1,9,2.3,0,458
464,less than 20,1,1,1,4,1,0,0.1,0,458
464,less than 20,0,1,0,3,1,2,0.4,1,458
464,less than 20,2,1,1,3,1,0,-2.9,2,458
463,20-30,1,1,1,1,1,6,-0.4,0,474
463,less than 20,1,1,1,2,1,5,1.5,1,474
463,less than 20,0,1,1,3,1,4,-0.4,0,474
463,less than 20,0,1,0,2,1,4,0.5,1,474
463,less than 20,0,1,1,5,0,0,2.7,0,474
463,less than 20,0,0,1,0,0,0,0.1,0,474
463,less than 20,0,1,2,1,1,1,-0.1,0,474
463,less than 20,1,1,2,0,1,0,0.2,0,474
463,less than 20,1,1,1,2,0,0,0.7,0,474
463,20-30,2,1,2,0,1,5,1.4,0,474
463,less than 20,0,1,0,2,1,3,4.1,2,474
463,less than 20,0,1,0,4,1,0,1.6,0,474
463,less than 20,0,1,2,3,1,0,0.6,0,474
463,less than 20,0,1,0,12,1,0,-3.0,0,474
462,less than 20,2,1,2,0,1,0,-0.6,0,488
462,less than 20,0,1,1,3,1,0,1.1,1,488
462,less than 20,0,1,0,5,1,1,-0.8,2,488
462,less than 20,0,1,1,0,1,15,2.1,0,488
462,20-30,1,1,1,1,0,0,-0.1,1,488
462,less than 20,1,1,1,1,0,1,1.7,0,488
462,less than 20,1,1,1,2,1,0,-0.7,0,488
462,20-30,2,1,2,0,1,9,-4.0,0,488
462,less than 20,1,1,1,4,1,0,1.6,0,488
461,less than 20,1,1,2,1,1,6,-0.5,0,497
461,less than 20,1,1,1,1,1,0,1.1,1,497
461,less than 20,2,1,2,1,1,2,0.2,0,497
461,less than 20,1,1,2,2,1,0,-0.1,1,497
461,20-30,1,1,2,1,1,2,0.4,0,497
461,less than 20,0,1,0,3,1,1,-1.6,0,497
461,less than 20,1,1,2,1,0,1,-0.7,1,497
461,less than 20,1,1,1,1,1,3,-1.2,1,497
461,less than 20,1,1,2,1,1,2,0.3,0,497
461,20-30,1,1,2,3,1,0,0.3,2,497
461,less than 20,1,1,2,0,1,4,0.4,0,497
461,less than 20,0,1,0,0,0,8,1.2,0,497
461,less than 20,1,1,1,1,1,5,-2.2,0,497
461,less than 20,0,1,0,1,1,8,-4.5,0,497
461,less than 20,1,1,3,1,1,0,-0.1,0,497
460,less than 20,0,1,0,1,1,4,0.3,0,512
460,less than 20,0,1,0,0,0,0,-0.6,0,512
460,less than 20,0,1,0,0,1,10,3.6,0,512
460,less than 20,1,1,1,1,1,3,0.9,0,512
460,less than 20,0,0,0,0,0,0,-0.2,0,512
460,20-30,1,1,1,0,1,2,-2.4,0,512
460,20-30,2,1,2,1,1,2,-0.7,0,512
460,less than 20,1,1,2,0,1,1,2.3,0,512
460,less than 20,0,1,0,3,1,6,-0.1,0,512
460,less than 20,0,0,1,0,0,0,-0.3,0,512
460,less than 20,0,1,1,2,1,3,0.9,2,512
460,less than 20,3,1,2,1,1,0,-0.6,1,512
460,less than 20,1,1,1,3,1,4,-1.3,0,512
460,20-30,1,1,0,0,1,14,-4.2,0,512
460,less than 20,1,1,2,2,1,1,1.1,0,512
460,less than 20,3,1,2,1,1,1,-0.6,1,512
460,less than 20,1,1,1,3,1,3,-0.7,0,512
460,less than 20,0,1,0,2,1,0,-0.3,2,512
460,less than 20,1,1,0,3,1,1,-0.2,2,512
460,less than 20,1,1,2,0,1,6,1.1,0,512
460,less than 20,1,1,1,4,1,2,-1.1,1,512
460,less than 20,1,1,1,1,1,1,0.4,0,512
460,less than 20,0,1,1,0,0,0,0.6,0,512
460,less than 20,2,1,1,2,1,2,1.5,0,512
460,less than 20,1,1,1,4,1,0,-0.3,2,512
459,less than 20,1,1,1,4,1,2,-0.6,1,537
459,20-30,1,1,2,1,1,2,0.3,0,537
459,less than 20,0,1,0,5,1,10,-0.6,0,537
459,less than 20,0,1,1,2,1,0,-0.2,1,537
459,less than 20,0,1,0,6,1,0,1.1,2,537
459,less than 20,0,1,0,3,1,0,0.1,2,537
459,20-30,2,1,2,0,1,8,0.1,0,537
459,less than 20,2,1,2,1,1,0,0.2,1,537
459,less than 20,1,1,1,1,1,7,-2.2,0,537
459,less than 20,1,1,1,3,1,3,1.0,1,537
459,less than 20,1,1,1,1,1,0,3.0,0,537
459,less than 20,0,1,0,2,1,7,3.2,0,537
458,less than 20,1,1,2,3,0,0,0.3,0,549
458,less than 20,0,0,2,4,0,0,-1.1,0,549
458,less than 20,1,0,3,1,0,0,-0.5,1,549
458,less than 20,1,1,1,2,1,0,1.4,0,549
458,less than 20,0,1,0,3,1,3,1.2,0,549
458,less than 20,0,1,0,6,1,1,-0.7,1,549
458,less than 20,2,1,3,0,1,0,-0.3,0,549
458,less than 20,0,1,0,4,1,0,1.1,0,549
458,20-30,0,1,1,7,1,0,1.7,0,549
458,less than 20,1,1,1,1,1,1,-0.7,1,549
458,less than 20,2,1,1,1,1,2,0.9,0,549
458,less than 20,1,1,1,1,1,8,-0.7,1,549
458,20-30,1,1,1,3,1,1,1.3,1,549
458,less than 20,1,1,1,4,1,2,-0.5,1,549
458,20-30,1,1,1,2,1,3,0.6,1,549
458,less than 20,0,1,0,0,0,9,3.3,0,549
457,20-30,1,1,2,1,1,0,-0.3,1,565
457,less than 20,0,1,0,2,1,2,1.6,2,565
457,less than 20,0,1,0,1,0,0,-0.2,0,565
457,less than 20,0,1,0,1,1,1,-0.8,1,565
457,less than 20,0,1,0,6,1,1,0.9,0,565
457,less than 20,2,1,1,3,1,2,-0.6,0,565
457,less than 20,1,1,1,2,1,0,2.1,0,565
457,less than 20,0,1,0,2,1,8,-0.1,1,565
457,20-30,1,1,2,3,1,0,-0.1,1,565
457,20-30,2,1,2,1,1,0,0.5,1,565
457,less than 20,0,1,0,2,1,1,1.3,1,565
457,less than 20,2,1,2,1,0,0,0.2,0,565
457,less than 20,1,1,0,1,1,1,2.4,0,565
457,20-30,0,1,0,2,1,1,0.2,1,565
456,less than 20,1,1,2,0,0,0,0.5,0,579
456,less than 20,1,1,1,0,0,0,-0.1,0,579
456,20-30,3,1,4,0,1,1,-2.8,0,579
456,less than 20,1,1,1,1,1,6,0.8,0,579
456,20-30,3,1,3,0,1,0,-1.2,0,579
456,less than 20,1,1,1,3,1,0,-0.1,1,579
456,less than 20,2,1,1,1,1,2,0.0,0,579
456,20-30,1,1,1,1,1,19,-0.7,1,579
456,less than 20,1,1,2,0,1,0,-0.2,0,579
456,less than 20,0,1,0,5,1,0,-1.1,0,579
456,less than 20,1,1,1,0,1,14,2.9,0,579
456,30-40,2,1,0,0,1,16,2.4,0,579
456,20-30,0,1,0,4,1,0,-1.7,2,579
456,20-30,2,1,2,3,1,1,0.2,1,579
456,less than 20,0,1,0,3,1,2,4.5,0,579
456,20-30,1,1,0,4,1,1,-0.2,1,579
456,20-30,0,1,0,1,1,6,0.0,0,579
456,less than 20,0,1,0,3,1,1,-0.3,1,579
456,less than 20,0,1,0,2,1,4,1.7,1,579
456,less than 20,1,1,1,1,1,7,1.1,0,579
456,20-30,1,1,2,1,1,0,0.1,0,579
456,less than 20,0,0,0,0,0,0,-0.1,0,579
456,30-40,2,1,2,0,1,6,1.5,0,579
456,less than 20,2,1,2,2,1,2,-1.8,1,579
456,less than 20,0,1,0,3,1,2,0.2,0,579
455,20-30,2,1,2,0,1,3,0.9,0,604
455,less than 20,0,1,0,3,1,0,0.6,1,604
455,20-30,2,1,2,0,1,0,0.0,0,604
455,less than 20,1,1,1,2,0,0,1.1,0,604
455,less than 20,2,1,2,1,1,0,-1.3,1,604
455,20-30,2,1,2,2,1,3,0.7,0,604
455,20-30,3,1,3,0,1,0,0.4,0,604
455,less than 20,1,1,1,2,1,4,-0.7,0,604
455,less than 20,2,1,2,2,1,1,-1.2,1,604
455,less than 20,0,0,1,0,0,0,-0.3,0,604
455,less than 20,0,0,1,1,0,0,-0.4,1,604
455,less than 20,0,1,1,1,1,1,0.0,0,604
455,less than 20,2,1,2,2,1,3,-0.7,0,604
455,20-30,1,1,2,1,0,1,0.5,1,604
455,less than 20,0,1,0,2,1,7,-2.5,0,604
455,less than 20,0,1,0,1,0,0,0.2,0,604
455,20-30,0,1,0,1,1,2,1.3,1,604
455,less than 20,0,1,1,2,1,0,1.0,1,604
455,less than 20,0,1,0,3,1,4,1.6,2,604
455,less than 20,1,1,1,1,1,9,-0.1,0,604
455,less than 20,0,1,0,0,1,18,2.1,0,604
454,less than 20,0,1,0,5,1,0,0.3,3,625
454,less than 20,0,1,1,0,1,11,3.0,0,625
454,less than 20,1,1,2,1,1,1,0.4,0,625
454,less than 20,1,1,2,2,1,1,-2.4,0,625
454,less than 20,1,1,1,3,1,0,0.5,0,625
454,20-30,0,1,0,9,0,0,2.7,0,625
454,less than 20,0,1,0,4,0,0,1.5,2,625
454,less than 20,0,1,1,3,1,1,0.1,2,625
454,less than 20,0,1,0,1,1,2,0.4,1,625
454,less than 20,1,1,1,3,1,2,1.4,0,625
454,less than 20,2,1,2,0,1,2,-0.5,0,625
454,less than 20,0,1,0,3,0,0,0.3,1,625
454,less than 20,1,1,2,1,1,2,-0.5,1,625
454,less than 20,0,1,0,2,1,2,2.5,1,625
454,less than 20,1,1,2,1,1,1,-0.4,0,625
454,less than 20,0,1,0,5,0,3,-1.9,0,625
454,less than 20,2,1,2,1,1,0,-0.9,1,625
454,less than 20,0,1,0,1,1,14,-6.2,1,625
453,20-30,1,1,2,3,1,0,1.2,0,643
453,20-30,1,1,1,1,1,2,1.6,0,643
453,less than 20,2,1,2,2,0,0,-0.8,0,643
453,20-30,2,1,2,2,1,3,0.3,0,643
453,less than 20,1,1,0,3,1,1,1.2,1,643
453,less than 20,1,1,1,4,1,0,-1.2,1,643
453,less than 20,0,1,3,1,0,0,0.3,1,643
453,less than 20,0,1,0,5,1,2,-1.3,0,643
453,less than 20,2,1,2,1,1,0,-0.4,0,643
453,less than 20,0,1,2,3,1,0,0.7,0,643
453,less than 20,0,1,0,1,1,13,-1.1,0,643
453,less than 20,0,1,0,4,1,0,0.3,2,643
453,less than 20,0,1,0,6,1,0,-0.4,2,643
453,less than 20,0,1,0,3,1,0,-0.4,2,643
453,less than 20,2,1,0,2,1,2,1.6,0,643
452,less than 20,1,1,1,1,1,6,2.7,0,658
452,less than 20,0,1,0,0,0,0,0.1,0,658
452,less than 20,1,1,1,3,1,3,0.7,0,658
452,less than 20,0,1,0,3,1,5,2.7,0,658
452,less than 20,0,1,0,0,0,0,-0.3,0,658
452,less than 20,1,1,1,3,1,1,0.4,2,658
452,less than 20,2,1,1,1,1,0,2.5,0,658
452,less than 20,0,1,0,2,1,1,1.3,0,658
452,20-30,0,1,0,3,1,1,0.1,1,658
452,less than 20,1,1,2,0,1,1,0.8,0,658
452,less than 20,0,1,0,2,1,0,-1.4,2,658
452,less than 20,1,1,1,3,1,2,0.7,0,658
452,less than 20,0,1,0,3,1,3,1.7,2,658
452,less than 20,0,1,1,4,0,0,-0.5,2,658
452,less than 20,0,1,0,2,1,8,-2.9,2,658
452,less than 20,0,1,1,2,1,4,1.1,2,658
452,less than 20,1,1,1,1,1,1,1.2,0,658
452,less than 20,1,1,1,2,1,0,-0.2,0,658
451,less than 20,1,1,2,0,1,3,1.3,0,676
451,less than 20,0,1,2,2,0,0,0.7,0,676
451,20-30,2,1,2,1,1,2,0.3,1,676
451,less than 20,1,1,2,1,0,0,0.3,1,676
451,less than 20,1,1,0,4,1,2,0.5,2,676
451,less than 20,1,1,2,1,1,1,0.5,1,676
451,20-30,0,1,0,6,1,1,-1.6,0,676
451,less than 20,0,1,0,0,0,0,0.3,0,676
451,20-30,2,1,2,0,1,5,-0.9,0,676
451,20-30,3,1,2,2,1,0,-0.2,1,676
451,less than 20,0,1,2,2,1,1,-1.2,1,676
451,less than 20,0,1,0,3,1,4,1.4,0,676
450,less than 20,0,1,0,2,0,2,1.4,0,688
450,less than 20,0,1,0,4,1,0,-0.7,1,688
450,less than 20,2,1,2,1,1,0,0.0,0,688
450,less than 20,0,1,0,3,1,0,1.7,0,688
450,less than 20,0,1,1,4,1,0,0.9,1,688
450,less than 20,1,1,1,0,0,0,-0.3,0,688
450,20-30,1,1,2,1,1,2,0.8,1,688
450,less than 20,2,1,2,1,1,0,-1.2,0,688
450,less than 20,1,1,1,3,1,2,2.0,0,688
450,less than 20,0,1,0,3,1,1,-0.8,2,688
450,less than 20,0,1,0,2,1,4,0.4,0,688
450,less than 20,0,1,0,0,1,11,2.5,0,688
450,20-30,2,1,2,0,1,8,-2.2,0,688
450,less than 20,0,1,0,3,0,2,1.1,0,688
450,20-30,0,1,3,3,1,1,-0.6,0,688
450,less than 20,0,0,0,0,0,0,-0.6,0,688
450,20-30,1,1,1,4,1,0,-0.1,3,688
450,less than 20,0,1,1,3,1,0,1.1,1,688
450,less than 20,1,1,1,3,1,2,0.4,0,688
450,20-30,0,1,2,1,1,3,0.9,1,688
450,less than 20,1,1,1,4,1,2,-0.4,2,688
450,less than 20,1,1,1,1,1,2,1.2,1,688
449,less than 20,0,1,0,2,1,0,2.1,0,710
449,less than 20,1,1,1,2,1,2,0.5,1,710
449,20-30,3,1,1,2,1,0,-0.9,0,710
449,less than 20,1,1,1,3,1,1,0.2,1,710
449,less than 20,0,1,0,2,1,4,2.2,1,710
449,20-30,1,1,1,2,1,2,1.5,1,710
449,20-30,1,1,3,0,0,0,-0.4,0,710
449,less than 20,0,1,2,1,0,0,0.1,1,710
449,20-30,1,1,2,1,1,2,1.2,0,710
449,less than 20,1,1,1,1,0,0,2.0,1,710
449,less than 20,0,1,0,2,1,7,0.5,0,710
449,less than 20,0,1,0,3,1,2,0.2,3,710
449,less than 20,0,1,0,2,0,0,0.7,0,710
449,less than 20,0,1,0,1,0,0,1.1,0,710
449,less than 20,1,1,1,2,1,2,1.8,1,710
449,less than 20,0,1,0,3,1,0,2.1,2,710
449,less than 20,0,1,2,1,1,2,0.4,0,710
449,less than 20,0,1,0,2,1,0,-0.5,0,710
449,less than 20,0,1,0,1,1,1,-0.8,1,710
449,less than 20,1,1,1,1,1,1,0.6,1,710
448,20-30,1,1,1,1,1,8,-0.9,1,730
448,less than 20,0,1,0,3,1,3,3.1,1,730
448,less than 20,1,1,1,0,1,3,0.7,0,730
448,less than 20,1,1,1,5,1,0,-0.6,0,730
448,less than 20,0,1,0,3,1,2,-0.9,2,730
448,20-30,0,0,0,0,0,3,-1.0,0,730
448,less than 20,0,1,0,0,0,0,-0.3,0,730
448,less than 20,0,1,0,4,1,0,1.2,3,730
448,20-30,0,1,0,4,1,2,-0.4,2,730
448,less than 20,0,1,0,2,0,0,-0.2,0,730
448,less than 20,0,1,1,1,1,5,1.8,0,730
448,less than 20,1,1,1,2,1,0,1.5,1,730
448,less than 20,0,1,0,3,1,0,0.8,0,730
448,less than 20,0,1,0,0,1,12,-3.2,0,730
448,less than 20,0,1,0,4,1,0,0.5,1,730
448,less than 20,1,1,1,2,0,1,0.0,2,730
448,less than 20,2,1,2,0,1,1,-1.0,0,730
448,20-30,2,1,3,1,1,0,-0.9,0,730
448,less than 20,0,1,0,1,0,0,0.2,0,730
447,30-40,1,1,2,2,1,6,-2.6,0,749
447,less than 20,0,1,0,1,1,11,0.2,0,749
447,less than 20,1,1,1,3,1,3,0.2,0,749
447,less than 20,1,0,1,1,1,3,-0.3,1,749
447,less than 20,1,1,1,1,1,0,0.8,0,749
447,less than 20,1,1,1,0,0,0,-0.1,0,749
447,20-30,2,1,2,0,1,4,-0.5,0,749
447,less than 20,1,1,1,0,0,0,0.1,0,749
447,20-30,2,1,2,1,0,0,0.3,1,749
447,less than 20,2,1,1,1,1,1,-1.1,0,749
447,20-30,1,1,1,1,1,2,0.3,1,749
447,less than 20,1,1,1,2,1,1,1.4,0,749
447,less than 20,1,1,1,2,1,1,0.5,0,749
447,less than 20,1,1,1,2,1,0,-0.1,0,749
447,less than 20,0,1,0,5,1,0,1.3,2,749
447,20-30,2,1,2,1,1,1,1.4,0,749
447,20-30,2,1,2,0,1,0,-1.5,0,749
447,less than 20,0,1,0,2,1,3,1.8,1,749
447,20-30,0,1,1,3,1,1,0.3,1,749
447,less than 20,1,1,1,2,0,1,0.7,0,749
447,20-30,2,1,2,1,1,1,0.6,1,749
447,less than 20,0,1,0,2,1,1,1.8,0,749
447,less than 20,1,1,1,3,1,1,-0.5,2,749
447,20-30,1,1,2,1,1,2,0.4,0,749
447,less than 20,0,1,0,2,0,6,-0.8,2,749
447,less than 20,1,1,2,1,0,0,0.5,0,749
447,less than 20,1,1,0,5,1,1,0.6,0,749
446,less than 20,1,1,2,1,1,0,0.3,0,776
446,less than 20,1,1,0,1,1,9,0.1,1,776
446,less than 20,0,0,0,2,0,0,1.4,0,776
446,20-30,1,1,1,1,1,5,-0.7,1,776
446,less than 20,0,1,3,1,1,0,-0.4,0,776
446,less than 20,1,1,1,3,1,0,-1.8,1,776
446,less than 20,0,1,0,2,1,0,-1.3,2,776
446,20-30,1,1,2,2,1,1,0.6,0,776
446,less than 20,0,1,1,3,1,2,-0.1,2,776
446,less than 20,1,1,1,3,1,1,-0.5,1,776
446,less than 20,2,1,2,1,1,2,-0.6,1,776
446,less than 20,1,1,1,1,1,0,1.8,0,776
446,less than 20,1,1,1,1,1,1,0.2,0,776
446,less than 20,2,1,2,0,1,2,-0.4,0,776
446,less than 20,0,1,0,1,0,0,0.0,0,776
446,less than 20,1,1,1,0,1,8,1.4,0,776
446,less than 20,0,1,2,0,0,0,0.5,0,776
446,less than 20,0,1,0,2,1,11,2.9,0,776
446,less than 20,0,1,0,4,1,2,0.1,2,776
446,less than 20,1,1,1,1,1,3,2.1,0,776
446,20-30,1,1,2,0,1,3,1.0,0,776
446,less than 20,1,1,1,3,1,1,0.9,0,776
446,less than 20,0,1,0,4,1,1,0.9,1,776
446,20-30,0,1,0,1,1,12,-0.4,0,776
445,20-30,2,1,2,0,1,1,0.5,0,800
445,less than 20,0,1,0,3,1,11,-0.8,0,800
445,less than 20,1,1,2,2,1,2,-0.9,1,800
445,less than 20,1,1,0,1,0,0,0.9,0,800
445,less than 20,1,1,1,1,1,2,0.8,1,800
445,20-30,0,1,0,7,0,0,1.9,0,800
445,less than 20,0,1,0,1,0,0,-0.2,0,800
445,less than 20,0,1,1,2,1,0,1.4,1,800
445,less than 20,1,1,1,3,1,1,-1.1,1,800
445,less than 20,0,1,0,4,1,0,0.6,1,800
445,less than 20,0,0,1,0,0,5,2.4,0,800
445,less than 20,1,1,2,1,1,0,-0.2,1,800
445,20-30,0,1,0,2,1,3,-0.1,2,800
445,less than 20,0,1,1,3,1,0,0.8,0,800
445,less than 20,0,1,0,1,1,14,-0.6,0,800
445,less than 20,0,1,0,2,1,2,0.7,1,800
445,less than 20,0,1,0,2,1,0,1.9,2,800
445,less than 20,0,1,0,1,1,4,0.3,0,800
445,less than 20,0,1,0,0,0,0,-0.1,0,800
445,less than 20,0,1,0,7,0,0,2.4,0,800
445,less than 20,0,1,0,3,1,5,-0.6,1,800
445,less than 20,0,1,0,2,1,12,-0.2,2,800
445,less than 20,0,1,1,2,1,4,0.6,1,800
445,less than 20,0,1,0,7,0,0,2.4,0,800
445,less than 20,0,0,0,0,0,0,-0.8,0,800
445,less than 20,0,1,0,2,0,0,-0.4,0,800
445,less than 20,0,1,1,4,1,2,0.5,0,800
444,less than 20,2,1,2,1,1,2,-0.3,1,827
444,20-30,1,1,2,3,1,6,-2.9,1,827
444,less than 20,0,1,0,1,1,13,-1.6,0,827
444,less than 20,1,1,1,3,1,0,0.1,0,827
444,less than 20,0,1,0,1,1,5,2.8,1,827
444,less than 20,1,1,1,0,1,1,0.4,0,827
444,less than 20,1,1,1,2,1,1,0.0,0,827
444,20-30,0,1,0,4,1,1,0.5,2,827
444,20-30,0,1,0,0,1,14,-0.9,0,827
444,less than 20,1,1,1,3,1,0,0.1,3,827
444,less than 20,1,1,1,2,0,0,0.8,1,827
444,less than 20,1,1,1,0,0,1,0.8,0,827
444,20-30,2,1,2,2,1,0,0.4,1,827
444,20-30,0,1,0,0,1,21,2.0,0,827
444,less than 20,0,1,0,1,1,12,0.0,1,827
444,20-30,0,0,4,0,0,1,0.4,0,827
444,less than 20,1,1,2,3,1,0,-1.6,0,827
444,less than 20,0,0,0,0,0,0,0.1,0,827
444,less than 20,0,1,1,0,1,0,-0.1,0,827
444,20-30,0,1,0,4,1,2,-0.9,4,827
444,less than 20,1,1,1,1,0,1,-1.3,0,827
444,less than 20,1,1,1,2,0,1,1.2,0,827
444,less than 20,0,0,0,1,0,0,-0.4,0,827
444,less than 20,1,1,1,0,1,5,-2.4,0,827
444,less than 20,1,1,1,2,1,2,0.3,0,827
444,20-30,0,1,1,1,1,1,-0.4,1,827
444,20-30,3,1,2,2,1,0,-1.0,0,827
444,less than 20,0,1,0,5,1,0,-0.3,0,827
444,less than 20,1,1,1,0,0,0,0.8,0,827
444,30-40,1,1,1,3,1,0,0.5,3,827
444,less than 20,0,1,0,2,1,4,0.5,1,827
444,less than 20,0,1,0,5,1,0,4.5,1,827
444,less than 20,0,1,0,2,1,6,3.2,0,827
444,less than 20,0,1,0,0,0,0,0.1,0,827
444,20-30,1,1,1,2,1,1,-0.4,2,827
444,20-30,1,1,1,3,1,0,-0.7,1,827
444,less than 20,1,1,2,2,1,1,-0.1,1,827
444,less than 20,0,1,1,2,1,4,1.1,0,827
443,less than 20,1,1,1,1,1,6,-0.7,1,865
443,20-30,1,1,1,4,1,1,-0.3,2,865
443,less than 20,1,1,0,5,1,0,0.1,2,865
443,less than 20,1,1,2,0,1,2,-0.6,0,865
443,less than 20,1,1,1,2,1,0,0.5,1,865
443,less than 20,1,1,1,2,1,0,0.0,1,865
443,less than 20,0,1,1,1,1,7,0.7,1,865
443,20-30,0,1,3,1,0,3,1.8,0,865
443,less than 20,0,1,0,7,1,0,-1.3,1,865
443,less than 20,1,1,1,0,1,0,0.5,0,865
443,less than 20,0,1,0,1,1,1,1.7,1,865
443,less than 20,0,1,0,7,1,0,-0.3,1,865
443,less than 20,0,1,1,3,1,2,-0.9,1,865
443,20-30,2,1,2,0,1,1,-2.5,0,865
443,less than 20,0,1,0,3,1,0,0.2,2,865
443,less than 20,1,1,2,2,1,1,0.0,0,865
443,less than 20,2,1,2,0,0,1,0.2,0,865
443,less than 20,0,0,0,0,0,0,0.1,0,865
443,less than 20,0,1,0,2,1,8,-1.3,0,865
443,less than 20,0,1,0,2,1,4,1.2,1,865
443,less than 20,0,1,2,1,0,1,-1.5,0,865
443,less than 20,1,1,1,0,0,0,0.3,0,865
443,20-30,1,1,1,2,1,3,-2.4,1,865
443,less than 20,1,1,1,3,1,0,-2.3,2,865
443,less than 20,0,1,1,4,1,0,-0.7,0,865
443,20-30,0,1,4,0,1,0,-0.1,0,865
443,less than 20,1,1,1,3,1,2,-0.9,2,865
443,less than 20,0,1,0,3,1,0,-2.4,1,865
443,less than 20,1,1,1,2,1,4,1.2,1,865
443,less than 20,2,1,1,1,1,0,-1.4,1,865
443,less than 20,2,1,2,0,1,0,1.0,0,865
443,less than 20,2,1,1,3,1,1,-1.8,0,865
442,less than 20,0,1,0,3,0,2,1.4,1,897
442,less than 20,1,1,2,0,0,0,0.3,0,897
442,less than 20,1,1,1,1,0,2,-0.1,0,897
442,less than 20,1,1,1,2,0,9,-1.5,0,897
442,less than 20,0,1,0,2,1,12,0.0,1,897
442,less than 20,1,1,2,0,1,3,-0.2,0,897
442,20-30,1,1,1,3,1,1,0.4,1,897
442,less than 20,1,1,1,3,1,1,-0.7,1,897
442,20-30,1,1,4,0,1,1,-0.1,0,897
442,less than 20,0,1,0,0,0,3,0.2,0,897
442,less than 20,0,1,0,2,1,4,1.2,0,897
442,less than 20,0,1,0,4,1,3,1.7,2,897
442,less than 20,1,1,1,1,0,1,-0.5,0,897
442,20-30,0,1,3,0,1,1,1.3,0,897
442,less than 20,1,1,1,3,0,0,0.0,1,897
442,20-30,2,1,2,1,1,0,0.6,0,897
442,less than 20,0,1,2,0,1,5,0.8,0,897
442,less than 20,1,0,3,1,0,0,-1.0,1,897
442,less than 20,0,1,3,0,1,0,0.5,0,897
442,20-30,1,0,3,1,0,0,-0.4,0,897
442,20-30,2,1,2,1,1,0,0.0,1,897
442,less than 20,1,1,1,0,0,0,0.3,0,897
442,20-30,2,1,2,2,1,1,-0.7,0,897
442,20-30,2,1,2,1,1,6,-0.8,0,897
442,less than 20,0,1,0,3,1,6,3.7,0,897
442,less than 20,0,1,0,5,1,1,-2.0,1,897
442,less than 20,1,1,1,0,1,3,1.7,0,897
442,less than 20,0,1,1,4,1,1,0.3,1,897
442,less than 20,1,1,1,1,0,0,1.2,1,897
442,less than 20,0,1,2,1,1,0,0.6,1,897
442,less than 20,0,1,0,1,1,4,1.3,0,897
442,less than 20,0,1,0,3,1,6,2.2,0,897
442,less than 20,0,1,2,3,1,1,0.0,1,897
441,less than 20,0,1,0,2,1,5,1.6,1,930
441,20-30,1,1,1,0,1,4,-0.9,0,930
441,less than 20,1,0,2,0,0,0,0.3,0,930
441,20-30,1,1,2,0,1,6,0.6,0,930
441,less than 20,1,1,1,1,1,0,-0.3,1,930
441,less than 20,1,1,1,1,1,3,-0.2,1,930
441,less than 20,0,1,0,3,1,0,0.4,2,930
441,20-30,0,1,4,0,1,1,-0.5,0,930
441,20-30,1,1,1,0,1,7,1.2,0,930
441,less than 20,0,1,1,1,1,2,1.3,0,930
441,less than 20,1,1,1,2,1,0,0.1,2,930
441,less than 20,0,1,0,2,1,4,3.6,0,930
441,20-30,2,1,2,2,0,2,0.0,0,930
441,less than 20,0,0,2,0,0,0,0.4,0,930
441,less than 20,1,1,1,4,1,0,-0.6,1,930
441,less than 20,2,1,2,0,1,2,0.7,0,930
441,less than 20,1,0,2,0,1,0,0.3,0,930
441,less than 20,1,1,1,2,1,2,-0.2,1,930
441,less than 20,0,1,0,3,1,5,2.1,0,930
441,less than 20,1,1,1,1,1,4,-0.2,1,930
441,less than 20,0,1,0,1,1,7,1.6,0,930
441,20-30,0,1,0,0,1,9,-0.6,0,930
441,less than 20,0,1,0,3,1,4,-1.2,1,930
440,20-30,3,1,2,1,0,0,-0.1,0,953
440,less than 20,1,1,2,0,1,2,-0.3,0,953
440,20-30,2,1,2,0,1,0,0.1,0,953
440,less than 20,0,1,0,4,1,0,-2.9,1,953
440,20-30,0,1,0,0,1,15,3.8,0,953
440,20-30,1,1,2,1,1,2,0.6,1,953
440,less than 20,1,1,2,0,1,2,1.6,0,953
440,less than 20,1,1,1,3,1,0,0.9,0,953
440,less than 20,0,1,1,1,1,1,3.1,0,953
440,less than 20,2,1,2,1,1,1,-0.9,1,953
440,less than 20,1,1,1,0,1,1,1.4,0,953
440,less than 20,1,1,1,3,1,0,0.5,0,953
440,less than 20,0,1,1,2,1,1,2.4,0,953
440,less than 20,0,0,0,0,0,2,-0.2,0,953
440,less than 20,1,1,2,0,1,1,1.0,0,953
440,less than 20,0,1,2,1,0,0,0.1,1,953
440,less than 20,0,1,0,5,1,0,0.4,0,953
440,less than 20,1,1,2,0,0,1,0.6,0,953
440,less than 20,1,1,1,1,0,0,0.7,0,953
440,less than 20,1,1,2,1,1,1,-0.5,1,953
440,20-30,2,1,2,1,1,5,-0.4,0,953
440,less than 20,0,1,0,3,1,0,1.9,1,953
440,less than 20,1,1,1,2,1,1,0.8,1,953
440,less than 20,1,1,1,2,1,0,0.7,1,953
440,20-30,1,1,1,1,0,1,0.2,1,953
440,less than 20,0,1,0,1,1,4,0.4,0,953
440,less than 20,1,1,3,0,1,0,-0.6,0,953
440,less than 20,0,1,1,2,1,2,-3.0,0,953
440,20-30,1,1,2,2,1,2,-1.8,1,953
439,less than 20,0,1,0,1,1,12,2.1,1,982
439,less than 20,1,1,1,2,1,1,0.8,0,982
439,less than 20,0,1,1,2,1,2,0.1,2,982
439,less than 20,1,1,2,1,1,0,0.1,0,982
439,20-30,2,1,2,1,1,0,-0.2,1,982
439,less than 20,0,1,1,2,1,1,0.6,2,982
439,less than 20,0,1,0,6,1,0,-0.7,1,982
439,less than 20,0,1,0,3,1,4,2.2,0,982
439,less than 20,0,1,1,1,1,2,-1.2,0,982
439,less than 20,0,1,0,0,0,0,0.1,0,982
439,less than 20,1,1,1,1,1,7,-2.9,1,982
439,less than 20,1,1,1,3,1,0,0.1,1,982
439,less than 20,1,1,2,1,1,0,0.7,1,982
439,less than 20,1,1,1,2,1,1,1.1,0,982
439,less than 20,1,1,1,3,1,0,-2.1,1,982
439,less than 20,0,1,0,1,1,0,1.3,0,982
439,less than 20,0,1,0,1,1,1,-3.4,0,982
439,20-30,2,1,3,1,1,0,0.0,1,982
439,20-30,2,1,2,0,1,9,-2.6,0,982
